Borough,Grade Level,Category,Average Frequency ,Average Minutes,# of students who are receiving the required amount of physical education instruction,% of students who are receiving the required amount of physical education instruction,# of students who are receiving less than the required amount of physical education instruction,% of students who are receiving less than the required amount of physical education instruction,# of students who have an IEP that recommends adaptive physical education,% of students who have an IEP that recommends adaptive physical education
Bronx,1,All Students,3.51,125.68,"8,394",54.09%,"7,126",45.91%,204,1.31%
Bronx,1,Asian,-,-,286,46.73%,326,53.27%,8,1.31%
Bronx,1,Black,-,-,"2,166",57.32%,"1,613",42.68%,76,2.01%
Bronx,1,Hispanic,-,-,"5,444",53.71%,"4,691",46.29%,109,1.08%
Bronx,1,Other,-,-,84,45.90%,99,54.10%,s,s
Bronx,1,White,-,-,414,51.05%,397,48.95%,s,s
Bronx,1,Female,-,-,"4,046",54.55%,"3,371",45.45%,46,0.62%
Bronx,1,Male,-,-,"4,348",53.66%,"3,755",46.34%,158,1.95%
Bronx,1,IEP,-,-,"1,885",52.59%,"1,699",47.41%,204,5.69%
Bronx,1,ELL,-,-,"1,729",54.23%,"1,459",45.77%,37,1.16%
Bronx,2,All Students,3.56,126.27,"8,641",54.14%,"7,320",45.86%,188,1.18%
Bronx,2,Asian,-,-,297,45.76%,352,54.24%,s,s
Bronx,2,Black,-,-,"2,225",56.60%,"1,706",43.40%,73,1.86%
Bronx,2,Hispanic,-,-,"5,608",54.36%,"4,708",45.64%,99,0.96%
Bronx,2,Other,-,-,116,49.79%,117,50.21%,s,s
Bronx,2,White,-,-,395,47.48%,437,52.52%,11,1.32%
Bronx,2,Female,-,-,"4,168",54.21%,"3,521",45.79%,47,0.61%
Bronx,2,Male,-,-,"4,473",54.07%,"3,799",45.93%,141,1.70%
Bronx,2,IEP,-,-,"2,096",53.84%,"1,797",46.16%,188,4.83%
Bronx,2,ELL,-,-,"1,978",54.22%,"1,670",45.78%,29,0.79%
Bronx,3,All Students,3.38,123.7,"7,414",47.46%,"8,209",52.54%,223,1.43%
Bronx,3,Asian,-,-,234,36.91%,400,63.09%,6,0.95%
Bronx,3,Black,-,-,"2,096",52.05%,"1,931",47.95%,73,1.81%
Bronx,3,Hispanic,-,-,"4,689",46.81%,"5,328",53.19%,132,1.32%
Bronx,3,Other,-,-,97,50.52%,95,49.48%,s,s
Bronx,3,White,-,-,298,39.58%,455,60.42%,s,s
Bronx,3,Female,-,-,"3,527",47.60%,"3,883",52.40%,52,0.70%
Bronx,3,Male,-,-,"3,887",47.33%,"4,326",52.67%,171,2.08%
Bronx,3,IEP,-,-,"1,907",45.56%,"2,279",54.44%,222,5.30%
Bronx,3,ELL,-,-,"1,426",46.69%,"1,628",53.31%,41,1.34%
Bronx,4,All Students,2.77,121.73,"9,589",61.20%,"6,079",38.80%,197,1.26%
Bronx,4,Asian,-,-,338,50.52%,331,49.48%,s,s
Bronx,4,Black,-,-,"2,540",64.14%,"1,420",35.86%,77,1.94%
Bronx,4,Hispanic,-,-,"6,193",61.28%,"3,913",38.72%,102,1.01%
Bronx,4,Other,-,-,118,55.92%,93,44.08%,s,s
Bronx,4,White,-,-,400,55.40%,322,44.60%,11,1.52%
Bronx,4,Female,-,-,"4,719",61.45%,"2,961",38.55%,58,0.76%
Bronx,4,Male,-,-,"4,870",60.97%,"3,118",39.03%,139,1.74%
Bronx,4,IEP,-,-,"2,540",60.58%,"1,653",39.42%,197,4.70%
Bronx,4,ELL,-,-,"1,724",61.29%,"1,089",38.71%,30,1.07%
Bronx,5,All Students,2.75,121.55,"9,615",62.43%,"5,787",37.57%,156,1.01%
Bronx,5,Asian,-,-,333,50.61%,325,49.39%,s,s
Bronx,5,Black,-,-,"2,726",65.94%,"1,408",34.06%,48,1.16%
Bronx,5,Hispanic,-,-,"6,089",62.16%,"3,706",37.84%,97,0.99%
Bronx,5,Other,-,-,95,59.01%,66,40.99%,s,s
Bronx,5,White,-,-,372,56.88%,282,43.12%,9,1.38%
Bronx,5,Female,-,-,"4,687",62.51%,"2,811",37.49%,43,0.57%
Bronx,5,Male,-,-,"4,928",62.35%,"2,976",37.65%,113,1.43%
Bronx,5,IEP,-,-,"2,591",62.37%,"1,563",37.63%,156,3.76%
Bronx,5,ELL,-,-,"1,624",61.05%,"1,036",38.95%,23,0.86%
Bronx,6,All Students,2.18,108.87,"10,675",74.44%,"3,665",25.56%,157,1.09%
Bronx,6,Asian,-,-,420,61.05%,268,38.95%,s,s
Bronx,6,Black,-,-,"3,025",81.10%,705,18.90%,62,1.66%
Bronx,6,Hispanic,-,-,"6,804",74.75%,"2,298",25.25%,80,0.88%
Bronx,6,Other,-,-,129,76.33%,40,23.67%,s,s
Bronx,6,White,-,-,297,45.62%,354,54.38%,10,1.54%
Bronx,6,Female,-,-,"5,084",74.53%,"1,737",25.47%,54,0.79%
Bronx,6,Male,-,-,"5,591",74.36%,"1,928",25.64%,103,1.37%
Bronx,6,IEP,-,-,"2,915",74.40%,"1,003",25.60%,157,4.01%
Bronx,6,ELL,-,-,"2,012",80.71%,481,19.29%,35,1.40%
Bronx,7,All Students,2.13,107.86,"11,624",84.20%,"2,181",15.80%,188,1.36%
Bronx,7,Asian,-,-,542,84.56%,99,15.44%,6,0.94%
Bronx,7,Black,-,-,"3,155",87.66%,444,12.34%,64,1.78%
Bronx,7,Hispanic,-,-,"7,325",83.19%,"1,480",16.81%,s,s
Bronx,7,Other,-,-,117,84.17%,22,15.83%,s,s
Bronx,7,White,-,-,485,78.10%,136,21.90%,12,1.93%
Bronx,7,Female,-,-,"5,578",83.78%,"1,080",16.22%,47,0.71%
Bronx,7,Male,-,-,"6,046",84.59%,"1,101",15.41%,141,1.97%
Bronx,7,IEP,-,-,"3,154",84.63%,573,15.37%,188,5.04%
Bronx,7,ELL,-,-,"2,063",84.97%,365,15.03%,47,1.94%
Bronx,8,All Students,2.1,105.66,"12,159",84.38%,"2,250",15.62%,168,1.17%
Bronx,8,Asian,-,-,559,80.90%,132,19.10%,s,s
Bronx,8,Black,-,-,"3,392",88.10%,458,11.90%,68,1.77%
Bronx,8,Hispanic,-,-,"7,672",84.09%,"1,452",15.91%,82,0.90%
Bronx,8,Other,-,-,112,82.96%,23,17.04%,s,s
Bronx,8,White,-,-,424,69.62%,185,30.38%,12,1.97%
Bronx,8,Female,-,-,"5,799",84.32%,"1,078",15.68%,42,0.61%
Bronx,8,Male,-,-,"6,360",84.44%,"1,172",15.56%,126,1.67%
Bronx,8,IEP,-,-,"3,079",86.10%,497,13.90%,168,4.70%
Bronx,8,ELL,-,-,"2,192",86.92%,330,13.08%,26,1.03%
Bronx,9,All Students,3.19,154.46,"11,727",82.17%,"2,545",17.83%,123,0.86%
Bronx,9,Asian,-,-,903,93.29%,65,6.71%,s,s
Bronx,9,Black,-,-,"3,055",81.79%,680,18.21%,45,1.20%
Bronx,9,Hispanic,-,-,"7,025",81.40%,"1,605",18.60%,73,0.85%
Bronx,9,Other,-,-,179,82.11%,39,17.89%,s,s
Bronx,9,White,-,-,565,78.36%,156,21.64%,s,s
Bronx,9,Female,-,-,"5,377",82.68%,"1,126",17.32%,33,0.51%
Bronx,9,Male,-,-,"6,350",81.74%,"1,419",18.26%,90,1.16%
Bronx,9,IEP,-,-,"3,014",79.34%,785,20.66%,123,3.24%
Bronx,9,ELL,-,-,"2,562",82.86%,530,17.14%,34,1.10%
Bronx,0K,All Students,3.59,126.31,"7,804",55.34%,"6,297",44.66%,141,1.00%
Bronx,0K,Asian,-,-,296,52.39%,269,47.61%,s,s
Bronx,0K,Black,-,-,"1,994",58.65%,"1,406",41.35%,53,1.56%
Bronx,0K,Hispanic,-,-,"5,068",54.84%,"4,174",45.16%,76,0.82%
Bronx,0K,Other,-,-,138,57.98%,100,42.02%,s,s
Bronx,0K,White,-,-,308,46.95%,348,53.05%,9,1.37%
Bronx,0K,Female,-,-,"3,754",55.30%,"3,034",44.70%,38,0.56%
Bronx,0K,Male,-,-,"4,050",55.38%,"3,263",44.62%,103,1.41%
Bronx,0K,IEP,-,-,"1,467",54.41%,"1,229",45.59%,141,5.23%
Bronx,0K,ELL,-,-,"1,556",54.98%,"1,274",45.02%,30,1.06%
Bronx,10,All Students,3.17,157.96,"11,269",82.00%,"2,473",18.00%,130,0.95%
Bronx,10,Asian,-,-,880,90.35%,94,9.65%,s,s
Bronx,10,Black,-,-,"2,975",82.52%,630,17.48%,46,1.28%
Bronx,10,Hispanic,-,-,"6,734",81.36%,"1,543",18.64%,73,0.88%
Bronx,10,Other,-,-,201,79.76%,51,20.24%,s,s
Bronx,10,White,-,-,479,75.55%,155,24.45%,8,1.26%
Bronx,10,Female,-,-,"5,248",81.62%,"1,182",18.38%,39,0.61%
Bronx,10,Male,-,-,"6,021",82.34%,"1,291",17.66%,91,1.24%
Bronx,10,IEP,-,-,"2,534",79.06%,671,20.94%,130,4.06%
Bronx,10,ELL,-,-,"2,289",82.55%,484,17.45%,35,1.26%
Bronx,11,All Students,3.22,163.6,"9,509",82.40%,"2,031",17.60%,96,0.83%
Bronx,11,Asian,-,-,839,91.39%,79,8.61%,s,s
Bronx,11,Black,-,-,"2,538",83.40%,505,16.60%,33,1.08%
Bronx,11,Hispanic,-,-,"5,527",80.85%,"1,309",19.15%,52,0.76%
Bronx,11,Other,-,-,154,84.15%,29,15.85%,s,s
Bronx,11,White,-,-,451,80.54%,109,19.46%,7,1.25%
Bronx,11,Female,-,-,"4,598",82.59%,969,17.41%,43,0.77%
Bronx,11,Male,-,-,"4,911",82.22%,"1,062",17.78%,53,0.89%
Bronx,11,IEP,-,-,"1,630",75.60%,526,24.40%,96,4.45%
Bronx,11,ELL,-,-,"1,664",82.29%,358,17.71%,24,1.19%
Bronx,12,All Students,3.13,174.2,"9,031",77.56%,"2,613",22.44%,289,2.48%
Bronx,12,Asian,-,-,780,91.55%,72,8.45%,s,s
Bronx,12,Black,-,-,"2,525",77.22%,745,22.78%,117,3.58%
Bronx,12,Hispanic,-,-,"5,136",75.97%,"1,625",24.03%,143,2.12%
Bronx,12,Other,-,-,145,74.74%,49,25.26%,s,s
Bronx,12,White,-,-,445,78.48%,122,21.52%,17,3.00%
Bronx,12,Female,-,-,"4,394",79.21%,"1,153",20.79%,77,1.39%
Bronx,12,Male,-,-,"4,637",76.05%,"1,460",23.95%,212,3.48%
Bronx,12,IEP,-,-,"1,593",60.18%,"1,054",39.82%,289,10.92%
Bronx,12,ELL,-,-,"1,001",68.99%,450,31.01%,76,5.24%
Brooklyn,1,All Students,3.61,119.13,"11,285",55.23%,"9,147",44.77%,289,1.41%
Brooklyn,1,Asian,-,-,"2,577",68.03%,"1,211",31.97%,31,0.82%
Brooklyn,1,Black,-,-,"2,427",45.01%,"2,965",54.99%,84,1.56%
Brooklyn,1,Hispanic,-,-,"3,163",49.99%,"3,164",50.01%,78,1.23%
Brooklyn,1,Other,-,-,283,56.37%,219,43.63%,28,5.58%
Brooklyn,1,White,-,-,"2,835",64.10%,"1,588",35.90%,68,1.54%
Brooklyn,1,Female,-,-,"5,446",54.97%,"4,461",45.03%,90,0.91%
Brooklyn,1,Male,-,-,"5,839",55.48%,"4,686",44.52%,199,1.89%
Brooklyn,1,IEP,-,-,"2,098",52.01%,"1,936",47.99%,289,7.16%
Brooklyn,1,ELL,-,-,"2,765",58.84%,"1,934",41.16%,65,1.38%
Brooklyn,2,All Students,3.56,118.14,"11,497",54.35%,"9,656",45.65%,259,1.22%
Brooklyn,2,Asian,-,-,"2,671",67.53%,"1,284",32.47%,s,s
Brooklyn,2,Black,-,-,"2,419",41.08%,"3,470",58.92%,86,1.46%
Brooklyn,2,Hispanic,-,-,"3,323",51.48%,"3,132",48.52%,65,1.01%
Brooklyn,2,Other,-,-,256,57.66%,188,42.34%,s,s
Brooklyn,2,White,-,-,"2,828",64.13%,"1,582",35.87%,73,1.66%
Brooklyn,2,Female,-,-,"5,481",54.07%,"4,655",45.93%,75,0.74%
Brooklyn,2,Male,-,-,"6,016",54.61%,"5,001",45.39%,184,1.67%
Brooklyn,2,IEP,-,-,"2,368",51.85%,"2,199",48.15%,259,5.67%
Brooklyn,2,ELL,-,-,"2,812",58.27%,"2,014",41.73%,64,1.33%
Brooklyn,3,All Students,3.48,116.89,"10,689",51.26%,"10,162",48.74%,264,1.27%
Brooklyn,3,Asian,-,-,"2,566",64.28%,"1,426",35.72%,24,0.60%
Brooklyn,3,Black,-,-,"2,481",40.88%,"3,588",59.12%,92,1.52%
Brooklyn,3,Hispanic,-,-,"2,876",45.97%,"3,380",54.03%,82,1.31%
Brooklyn,3,Other,-,-,210,55.41%,169,44.59%,7,1.85%
Brooklyn,3,White,-,-,"2,556",61.52%,"1,599",38.48%,59,1.42%
Brooklyn,3,Female,-,-,"5,202",51.39%,"4,921",48.61%,81,0.80%
Brooklyn,3,Male,-,-,"5,487",51.15%,"5,241",48.85%,183,1.71%
Brooklyn,3,IEP,-,-,"2,203",47.37%,"2,448",52.63%,264,5.68%
Brooklyn,3,ELL,-,-,"1,956",52.92%,"1,740",47.08%,54,1.46%
Brooklyn,4,All Students,2.95,114.78,"12,925",60.33%,"8,499",39.67%,216,1.01%
Brooklyn,4,Asian,-,-,"2,911",73.14%,"1,069",26.86%,23,0.58%
Brooklyn,4,Black,-,-,"3,135",48.42%,"3,340",51.58%,82,1.27%
Brooklyn,4,Hispanic,-,-,"3,581",55.61%,"2,858",44.39%,62,0.96%
Brooklyn,4,Other,-,-,226,59.47%,154,40.53%,6,1.58%
Brooklyn,4,White,-,-,"3,072",74.02%,"1,078",25.98%,43,1.04%
Brooklyn,4,Female,-,-,"6,304",59.67%,"4,260",40.33%,69,0.65%
Brooklyn,4,Male,-,-,"6,621",60.97%,"4,239",39.03%,147,1.35%
Brooklyn,4,IEP,-,-,"2,916",59.05%,"2,022",40.95%,212,4.29%
Brooklyn,4,ELL,-,-,"1,899",59.55%,"1,290",40.45%,50,1.57%
Brooklyn,5,All Students,2.96,117.08,"12,723",62.32%,"7,692",37.68%,182,0.89%
Brooklyn,5,Asian,-,-,"2,860",74.48%,980,25.52%,s,s
Brooklyn,5,Black,-,-,"3,212",52.42%,"2,915",47.58%,60,0.98%
Brooklyn,5,Hispanic,-,-,"3,580",57.55%,"2,641",42.45%,62,1.00%
Brooklyn,5,Other,-,-,163,60.82%,105,39.18%,s,s
Brooklyn,5,White,-,-,"2,908",73.45%,"1,051",26.55%,38,0.96%
Brooklyn,5,Female,-,-,"6,269",62.70%,"3,730",37.30%,62,0.62%
Brooklyn,5,Male,-,-,"6,454",61.96%,"3,962",38.04%,120,1.15%
Brooklyn,5,IEP,-,-,"2,726",60.63%,"1,770",39.37%,182,4.05%
Brooklyn,5,ELL,-,-,"1,597",61.52%,999,38.48%,47,1.81%
Brooklyn,6,All Students,2.31,120.07,"15,831",81.22%,"3,660",18.78%,173,0.89%
Brooklyn,6,Asian,-,-,"3,241",91.81%,289,8.19%,s,s
Brooklyn,6,Black,-,-,"4,644",75.07%,"1,542",24.93%,75,1.21%
Brooklyn,6,Hispanic,-,-,"4,579",78.45%,"1,258",21.55%,45,0.77%
Brooklyn,6,Other,-,-,259,84.36%,48,15.64%,s,s
Brooklyn,6,White,-,-,"3,108",85.60%,523,14.40%,34,0.94%
Brooklyn,6,Female,-,-,"7,605",80.47%,"1,846",19.53%,51,0.54%
Brooklyn,6,Male,-,-,"8,226",81.93%,"1,814",18.07%,122,1.22%
Brooklyn,6,IEP,-,-,"3,398",78.46%,933,21.54%,173,3.99%
Brooklyn,6,ELL,-,-,"2,014",84.59%,367,15.41%,36,1.51%
Brooklyn,7,All Students,2.33,121.3,"17,107",89.74%,"1,956",10.26%,189,0.99%
Brooklyn,7,Asian,-,-,"3,391",96.44%,125,3.56%,s,s
Brooklyn,7,Black,-,-,"5,130",85.41%,876,14.59%,78,1.30%
Brooklyn,7,Hispanic,-,-,"4,886",86.72%,748,13.28%,53,0.94%
Brooklyn,7,Other,-,-,235,88.35%,31,11.65%,s,s
Brooklyn,7,White,-,-,"3,465",95.17%,176,4.83%,41,1.13%
Brooklyn,7,Female,-,-,"8,375",89.23%,"1,011",10.77%,76,0.81%
Brooklyn,7,Male,-,-,"8,732",90.23%,945,9.77%,113,1.17%
Brooklyn,7,IEP,-,-,"3,636",89.05%,447,10.95%,188,4.60%
Brooklyn,7,ELL,-,-,"2,053",89.85%,232,10.15%,45,1.97%
Brooklyn,8,All Students,2.26,118.48,"17,145",88.57%,"2,212",11.43%,180,0.93%
Brooklyn,8,Asian,-,-,"3,230",95.93%,137,4.07%,s,s
Brooklyn,8,Black,-,-,"5,523",84.54%,"1,010",15.46%,62,0.95%
Brooklyn,8,Hispanic,-,-,"4,729",84.92%,840,15.08%,55,0.99%
Brooklyn,8,Other,-,-,228,89.06%,28,10.94%,s,s
Brooklyn,8,White,-,-,"3,435",94.58%,197,5.42%,33,0.91%
Brooklyn,8,Female,-,-,"8,274",88.32%,"1,094",11.68%,56,0.60%
Brooklyn,8,Male,-,-,"8,871",88.81%,"1,118",11.19%,124,1.24%
Brooklyn,8,IEP,-,-,"3,285",87.32%,477,12.68%,180,4.78%
Brooklyn,8,ELL,-,-,"1,920",88.72%,244,11.28%,61,2.82%
Brooklyn,9,All Students,3.48,166.17,"18,342",87.09%,"2,719",12.91%,169,0.80%
Brooklyn,9,Asian,-,-,"3,480",94.82%,190,5.18%,s,s
Brooklyn,9,Black,-,-,"6,398",79.89%,"1,611",20.11%,73,0.91%
Brooklyn,9,Hispanic,-,-,"5,087",88.42%,666,11.58%,45,0.78%
Brooklyn,9,Other,-,-,390,87.25%,57,12.75%,s,s
Brooklyn,9,White,-,-,"2,987",93.87%,195,6.13%,39,1.23%
Brooklyn,9,Female,-,-,"8,583",88.67%,"1,097",11.33%,69,0.71%
Brooklyn,9,Male,-,-,"9,759",85.75%,"1,622",14.25%,100,0.88%
Brooklyn,9,IEP,-,-,"3,623",83.73%,704,16.27%,169,3.91%
Brooklyn,9,ELL,-,-,"2,499",89.38%,297,10.62%,44,1.57%
Brooklyn,0K,All Students,3.66,121.29,"11,147",56.62%,"8,540",43.38%,203,1.03%
Brooklyn,0K,Asian,-,-,"2,609",67.75%,"1,242",32.25%,s,s
Brooklyn,0K,Black,-,-,"2,341",45.77%,"2,774",54.23%,52,1.02%
Brooklyn,0K,Hispanic,-,-,"3,036",52.87%,"2,706",47.13%,51,0.89%
Brooklyn,0K,Other,-,-,264,56.41%,204,43.59%,s,s
Brooklyn,0K,White,-,-,"2,897",64.22%,"1,614",35.78%,70,1.55%
Brooklyn,0K,Female,-,-,"5,443",56.98%,"4,109",43.02%,56,0.59%
Brooklyn,0K,Male,-,-,"5,704",56.28%,"4,431",43.72%,147,1.45%
Brooklyn,0K,IEP,-,-,"1,725",52.34%,"1,571",47.66%,202,6.13%
Brooklyn,0K,ELL,-,-,"2,895",61.31%,"1,827",38.69%,42,0.89%
Brooklyn,10,All Students,3.56,174.03,"17,449",84.02%,"3,319",15.98%,161,0.78%
Brooklyn,10,Asian,-,-,"3,354",90.06%,370,9.94%,s,s
Brooklyn,10,Black,-,-,"6,292",79.18%,"1,654",20.82%,60,0.76%
Brooklyn,10,Hispanic,-,-,"4,755",85.86%,783,14.14%,47,0.85%
Brooklyn,10,Other,-,-,353,84.45%,65,15.55%,s,s
Brooklyn,10,White,-,-,"2,695",85.77%,447,14.23%,35,1.11%
Brooklyn,10,Female,-,-,"7,988",83.23%,"1,609",16.77%,59,0.61%
Brooklyn,10,Male,-,-,"9,461",84.69%,"1,710",15.31%,102,0.91%
Brooklyn,10,IEP,-,-,"3,011",80.62%,724,19.38%,160,4.28%
Brooklyn,10,ELL,-,-,"2,470",86.91%,372,13.09%,53,1.86%
Brooklyn,11,All Students,3.76,186.83,"15,740",87.29%,"2,292",12.71%,137,0.76%
Brooklyn,11,Asian,-,-,"3,194",94.50%,186,5.50%,s,s
Brooklyn,11,Black,-,-,"5,676",81.00%,"1,331",19.00%,64,0.91%
Brooklyn,11,Hispanic,-,-,"3,981",87.76%,555,12.24%,30,0.66%
Brooklyn,11,Other,-,-,343,87.06%,51,12.94%,s,s
Brooklyn,11,White,-,-,"2,546",93.78%,169,6.22%,22,0.81%
Brooklyn,11,Female,-,-,"7,545",87.27%,"1,101",12.73%,53,0.61%
Brooklyn,11,Male,-,-,"8,195",87.31%,"1,191",12.69%,84,0.89%
Brooklyn,11,IEP,-,-,"2,296",81.59%,518,18.41%,137,4.87%
Brooklyn,11,ELL,-,-,"1,573",86.71%,241,13.29%,32,1.76%
Brooklyn,12,All Students,3.5,185.37,"14,640",82.07%,"3,199",17.93%,300,1.68%
Brooklyn,12,Asian,-,-,"3,104",93.05%,232,6.95%,37,1.11%
Brooklyn,12,Black,-,-,"5,389",73.46%,"1,947",26.54%,140,1.91%
Brooklyn,12,Hispanic,-,-,"3,558",83.21%,718,16.79%,73,1.71%
Brooklyn,12,Other,-,-,258,86.00%,42,14.00%,6,2.00%
Brooklyn,12,White,-,-,"2,331",89.97%,260,10.03%,44,1.70%
Brooklyn,12,Female,-,-,"7,131",84.28%,"1,330",15.72%,106,1.25%
Brooklyn,12,Male,-,-,"7,509",80.07%,"1,869",19.93%,194,2.07%
Brooklyn,12,IEP,-,-,"2,229",70.92%,914,29.08%,300,9.55%
Brooklyn,12,ELL,-,-,988,75.65%,318,24.35%,86,6.58%
Manhattan,1,All Students,2.84,118.48,"3,177",36.43%,"5,543",63.57%,144,1.65%
Manhattan,1,Asian,-,-,514,45.21%,623,54.79%,9,0.79%
Manhattan,1,Black,-,-,438,35.81%,785,64.19%,s,s
Manhattan,1,Hispanic,-,-,"1,135",31.02%,"2,524",68.98%,81,2.21%
Manhattan,1,Other,-,-,138,35.48%,251,64.52%,s,s
Manhattan,1,White,-,-,952,41.18%,"1,360",58.82%,9,0.39%
Manhattan,1,Female,-,-,"1,505",36.13%,"2,661",63.87%,33,0.79%
Manhattan,1,Male,-,-,"1,672",36.71%,"2,882",63.29%,111,2.44%
Manhattan,1,IEP,-,-,729,37.44%,"1,218",62.56%,144,7.40%
Manhattan,1,ELL,-,-,453,34.24%,870,65.76%,27,2.04%
Manhattan,2,All Students,2.82,120.04,"3,180",36.35%,"5,568",63.65%,128,1.46%
Manhattan,2,Asian,-,-,575,49.06%,597,50.94%,7,0.60%
Manhattan,2,Black,-,-,459,36.37%,803,63.63%,44,3.49%
Manhattan,2,Hispanic,-,-,"1,120",29.72%,"2,648",70.28%,61,1.62%
Manhattan,2,Other,-,-,124,37.58%,206,62.42%,s,s
Manhattan,2,White,-,-,902,40.70%,"1,314",59.30%,s,s
Manhattan,2,Female,-,-,"1,506",35.67%,"2,716",64.33%,36,0.85%
Manhattan,2,Male,-,-,"1,674",36.99%,"2,852",63.01%,92,2.03%
Manhattan,2,IEP,-,-,795,38.61%,"1,264",61.39%,128,6.22%
Manhattan,2,ELL,-,-,544,36.27%,956,63.73%,28,1.87%
Manhattan,3,All Students,2.82,119.27,"2,985",34.58%,"5,647",65.42%,96,1.11%
Manhattan,3,Asian,-,-,540,47.66%,593,52.34%,7,0.62%
Manhattan,3,Black,-,-,440,34.62%,831,65.38%,28,2.20%
Manhattan,3,Hispanic,-,-,"1,074",28.49%,"2,696",71.51%,54,1.43%
Manhattan,3,Other,-,-,126,40.26%,187,59.74%,s,s
Manhattan,3,White,-,-,805,37.53%,"1,340",62.47%,s,s
Manhattan,3,Female,-,-,"1,417",34.10%,"2,739",65.90%,26,0.63%
Manhattan,3,Male,-,-,"1,568",35.03%,"2,908",64.97%,70,1.56%
Manhattan,3,IEP,-,-,733,35.05%,"1,358",64.95%,96,4.59%
Manhattan,3,ELL,-,-,379,31.32%,831,68.68%,24,1.98%
Manhattan,4,All Students,2.58,119.94,"3,483",39.70%,"5,290",60.30%,98,1.12%
Manhattan,4,Asian,-,-,650,51.34%,616,48.66%,s,s
Manhattan,4,Black,-,-,567,44.26%,714,55.74%,29,2.26%
Manhattan,4,Hispanic,-,-,"1,300",33.85%,"2,540",66.15%,55,1.43%
Manhattan,4,Other,-,-,148,46.54%,170,53.46%,s,s
Manhattan,4,White,-,-,818,39.56%,"1,250",60.44%,9,0.44%
Manhattan,4,Female,-,-,"1,655",39.29%,"2,557",60.71%,22,0.52%
Manhattan,4,Male,-,-,"1,828",40.08%,"2,733",59.92%,76,1.67%
Manhattan,4,IEP,-,-,954,44.06%,"1,211",55.94%,98,4.53%
Manhattan,4,ELL,-,-,355,32.01%,754,67.99%,23,2.07%
Manhattan,5,All Students,2.55,125.01,"3,329",39.92%,"5,010",60.08%,88,1.06%
Manhattan,5,Asian,-,-,630,52.54%,569,47.46%,7,0.58%
Manhattan,5,Black,-,-,613,45.51%,734,54.49%,29,2.15%
Manhattan,5,Hispanic,-,-,"1,306",35.79%,"2,343",64.21%,47,1.29%
Manhattan,5,Other,-,-,115,41.07%,165,58.93%,s,s
Manhattan,5,White,-,-,665,35.68%,"1,199",64.32%,s,s
Manhattan,5,Female,-,-,"1,643",40.00%,"2,464",60.00%,36,0.88%
Manhattan,5,Male,-,-,"1,686",39.84%,"2,546",60.16%,52,1.23%
Manhattan,5,IEP,-,-,941,44.05%,"1,195",55.95%,88,4.12%
Manhattan,5,ELL,-,-,348,35.08%,644,64.92%,30,3.02%
Manhattan,6,All Students,1.99,104.22,"5,122",62.85%,"3,028",37.15%,77,0.94%
Manhattan,6,Asian,-,-,679,59.35%,465,40.65%,s,s
Manhattan,6,Black,-,-,883,62.40%,532,37.60%,21,1.48%
Manhattan,6,Hispanic,-,-,"2,070",57.93%,"1,503",42.07%,45,1.26%
Manhattan,6,Other,-,-,172,68.53%,79,31.47%,s,s
Manhattan,6,White,-,-,"1,318",74.59%,449,25.41%,7,0.40%
Manhattan,6,Female,-,-,"2,445",62.56%,"1,463",37.44%,22,0.56%
Manhattan,6,Male,-,-,"2,677",63.11%,"1,565",36.89%,55,1.30%
Manhattan,6,IEP,-,-,"1,260",62.01%,772,37.99%,77,3.79%
Manhattan,6,ELL,-,-,535,61.92%,329,38.08%,18,2.08%
Manhattan,7,All Students,1.99,102.61,"6,239",76.74%,"1,891",23.26%,71,0.87%
Manhattan,7,Asian,-,-,772,71.55%,307,28.45%,6,0.56%
Manhattan,7,Black,-,-,"1,181",83.94%,226,16.06%,18,1.28%
Manhattan,7,Hispanic,-,-,"2,775",75.63%,894,24.37%,41,1.12%
Manhattan,7,Other,-,-,200,76.63%,61,23.37%,s,s
Manhattan,7,White,-,-,"1,311",76.49%,403,23.51%,s,s
Manhattan,7,Female,-,-,"3,030",76.11%,951,23.89%,20,0.50%
Manhattan,7,Male,-,-,"3,209",77.34%,940,22.66%,51,1.23%
Manhattan,7,IEP,-,-,"1,518",78.05%,427,21.95%,71,3.65%
Manhattan,7,ELL,-,-,682,73.65%,244,26.35%,21,2.27%
Manhattan,8,All Students,2.01,103.88,"6,427",79.09%,"1,699",20.91%,63,0.78%
Manhattan,8,Asian,-,-,814,74.13%,284,25.87%,s,s
Manhattan,8,Black,-,-,"1,270",85.06%,223,14.94%,13,0.87%
Manhattan,8,Hispanic,-,-,"3,015",79.22%,791,20.78%,35,0.92%
Manhattan,8,Other,-,-,147,78.61%,40,21.39%,s,s
Manhattan,8,White,-,-,"1,181",76.59%,361,23.41%,8,0.52%
Manhattan,8,Female,-,-,"3,088",79.46%,798,20.54%,13,0.33%
Manhattan,8,Male,-,-,"3,339",78.75%,901,21.25%,50,1.18%
Manhattan,8,IEP,-,-,"1,454",77.01%,434,22.99%,63,3.34%
Manhattan,8,ELL,-,-,751,80.06%,187,19.94%,16,1.71%
Manhattan,9,All Students,2.73,139.33,"12,063",76.74%,"3,656",23.26%,107,0.68%
Manhattan,9,Asian,-,-,"1,816",85.14%,317,14.86%,s,s
Manhattan,9,Black,-,-,"2,723",75.60%,879,24.40%,28,0.78%
Manhattan,9,Hispanic,-,-,"5,568",74.82%,"1,874",25.18%,66,0.89%
Manhattan,9,Other,-,-,414,77.53%,120,22.47%,s,s
Manhattan,9,White,-,-,"1,542",76.79%,466,23.21%,9,0.45%
Manhattan,9,Female,-,-,"6,587",77.37%,"1,927",22.63%,37,0.43%
Manhattan,9,Male,-,-,"5,476",76.00%,"1,729",24.00%,70,0.97%
Manhattan,9,IEP,-,-,"2,224",73.99%,782,26.01%,107,3.56%
Manhattan,9,ELL,-,-,"1,241",71.16%,503,28.84%,27,1.55%
Manhattan,0K,All Students,2.93,119.72,"3,085",37.12%,"5,226",62.88%,126,1.52%
Manhattan,0K,Asian,-,-,536,48.64%,566,51.36%,s,s
Manhattan,0K,Black,-,-,402,37.12%,681,62.88%,32,2.95%
Manhattan,0K,Hispanic,-,-,972,28.91%,"2,390",71.09%,67,1.99%
Manhattan,0K,Other,-,-,162,40.91%,234,59.09%,s,s
Manhattan,0K,White,-,-,"1,013",42.78%,"1,355",57.22%,21,0.89%
Manhattan,0K,Female,-,-,"1,533",37.45%,"2,560",62.55%,39,0.95%
Manhattan,0K,Male,-,-,"1,552",36.79%,"2,666",63.21%,87,2.06%
Manhattan,0K,IEP,-,-,609,37.52%,"1,014",62.48%,126,7.76%
Manhattan,0K,ELL,-,-,438,35.96%,780,64.04%,19,1.56%
Manhattan,10,All Students,2.72,137.43,"10,982",73.36%,"3,988",26.64%,84,0.56%
Manhattan,10,Asian,-,-,"1,762",79.41%,457,20.59%,s,s
Manhattan,10,Black,-,-,"2,492",73.66%,891,26.34%,22,0.65%
Manhattan,10,Hispanic,-,-,"5,037",72.23%,"1,937",27.77%,52,0.75%
Manhattan,10,Other,-,-,327,71.24%,132,28.76%,s,s
Manhattan,10,White,-,-,"1,364",70.49%,571,29.51%,7,0.36%
Manhattan,10,Female,-,-,"6,105",74.96%,"2,039",25.04%,33,0.41%
Manhattan,10,Male,-,-,"4,877",71.45%,"1,949",28.55%,51,0.75%
Manhattan,10,IEP,-,-,"1,774",71.62%,703,28.38%,84,3.39%
Manhattan,10,ELL,-,-,"1,267",66.93%,626,33.07%,33,1.74%
Manhattan,11,All Students,2.71,140.05,"9,714",70.85%,"3,997",29.15%,68,0.50%
Manhattan,11,Asian,-,-,"1,728",76.53%,530,23.47%,s,s
Manhattan,11,Black,-,-,"2,113",69.01%,949,30.99%,23,0.75%
Manhattan,11,Hispanic,-,-,"4,363",70.25%,"1,848",29.75%,38,0.61%
Manhattan,11,Other,-,-,285,75.40%,93,24.60%,s,s
Manhattan,11,White,-,-,"1,225",67.98%,577,32.02%,s,s
Manhattan,11,Female,-,-,"5,363",71.61%,"2,126",28.39%,19,0.25%
Manhattan,11,Male,-,-,"4,351",69.93%,"1,871",30.07%,49,0.79%
Manhattan,11,IEP,-,-,"1,278",65.94%,660,34.06%,68,3.51%
Manhattan,11,ELL,-,-,839,67.28%,408,32.72%,23,1.84%
Manhattan,12,All Students,2.78,151.75,"8,539",64.40%,"4,720",35.60%,155,1.17%
Manhattan,12,Asian,-,-,"1,367",65.25%,728,34.75%,s,s
Manhattan,12,Black,-,-,"1,991",62.95%,"1,172",37.05%,39,1.23%
Manhattan,12,Hispanic,-,-,"3,979",65.66%,"2,081",34.34%,90,1.49%
Manhattan,12,Other,-,-,170,61.59%,106,38.41%,s,s
Manhattan,12,White,-,-,"1,032",61.98%,633,38.02%,14,0.84%
Manhattan,12,Female,-,-,"4,640",65.00%,"2,498",35.00%,48,0.67%
Manhattan,12,Male,-,-,"3,899",63.70%,"2,222",36.30%,107,1.75%
Manhattan,12,IEP,-,-,"1,182",59.91%,791,40.09%,155,7.86%
Manhattan,12,ELL,-,-,495,59.50%,337,40.50%,81,9.74%
Queens,1,All Students,4.18,131.04,"14,819",70.18%,"6,298",29.82%,271,1.28%
Queens,1,Asian,-,-,"4,360",73.76%,"1,551",26.24%,54,0.91%
Queens,1,Black,-,-,"2,016",67.49%,971,32.51%,48,1.61%
Queens,1,Hispanic,-,-,"5,734",67.35%,"2,780",32.65%,92,1.08%
Queens,1,Other,-,-,533,74.34%,184,25.66%,16,2.23%
Queens,1,White,-,-,"2,176",72.82%,812,27.18%,61,2.04%
Queens,1,Female,-,-,"7,206",70.16%,"3,065",29.84%,65,0.63%
Queens,1,Male,-,-,"7,613",70.19%,"3,233",29.81%,206,1.90%
Queens,1,IEP,-,-,"2,714",68.74%,"1,234",31.26%,271,6.86%
Queens,1,ELL,-,-,"3,325",66.39%,"1,683",33.61%,65,1.30%
Queens,2,All Students,4.16,128.94,"14,681",69.41%,"6,471",30.59%,283,1.34%
Queens,2,Asian,-,-,"4,505",73.37%,"1,635",26.63%,48,0.78%
Queens,2,Black,-,-,"2,077",68.23%,967,31.77%,55,1.81%
Queens,2,Hispanic,-,-,"5,603",66.58%,"2,813",33.42%,103,1.22%
Queens,2,Other,-,-,455,67.81%,216,32.19%,16,2.38%
Queens,2,White,-,-,"2,041",70.84%,840,29.16%,61,2.12%
Queens,2,Female,-,-,"7,091",69.59%,"3,098",30.41%,81,0.79%
Queens,2,Male,-,-,"7,590",69.23%,"3,373",30.77%,202,1.84%
Queens,2,IEP,-,-,"2,666",66.78%,"1,326",33.22%,282,7.06%
Queens,2,ELL,-,-,"3,517",66.08%,"1,805",33.92%,78,1.47%
Queens,3,All Students,4.08,128.02,"14,178",65.94%,"7,323",34.06%,286,1.33%
Queens,3,Asian,-,-,"4,498",70.67%,"1,867",29.33%,58,0.91%
Queens,3,Black,-,-,"2,120",66.11%,"1,087",33.89%,72,2.25%
Queens,3,Hispanic,-,-,"5,174",61.38%,"3,255",38.62%,96,1.14%
Queens,3,Other,-,-,404,63.42%,233,36.58%,6,0.94%
Queens,3,White,-,-,"1,982",69.23%,881,30.77%,54,1.89%
Queens,3,Female,-,-,"6,920",66.06%,"3,555",33.94%,85,0.81%
Queens,3,Male,-,-,"7,258",65.83%,"3,768",34.17%,201,1.82%
Queens,3,IEP,-,-,"2,624",61.89%,"1,616",38.11%,286,6.75%
Queens,3,ELL,-,-,"2,429",61.06%,"1,549",38.94%,65,1.63%
Queens,4,All Students,3.31,123.69,"15,874",71.94%,"6,191",28.06%,248,1.12%
Queens,4,Asian,-,-,"5,003",74.43%,"1,719",25.57%,55,0.82%
Queens,4,Black,-,-,"2,510",73.63%,899,26.37%,71,2.08%
Queens,4,Hispanic,-,-,"5,842",68.49%,"2,688",31.51%,76,0.89%
Queens,4,Other,-,-,379,67.44%,183,32.56%,s,s
Queens,4,White,-,-,"2,140",75.30%,702,24.70%,s,s
Queens,4,Female,-,-,"7,699",72.06%,"2,985",27.94%,74,0.69%
Queens,4,Male,-,-,"8,175",71.83%,"3,206",28.17%,174,1.53%
Queens,4,IEP,-,-,"3,131",72.46%,"1,190",27.54%,247,5.72%
Queens,4,ELL,-,-,"2,090",66.16%,"1,069",33.84%,67,2.12%
Queens,5,All Students,3.31,125.45,"15,448",73.47%,"5,577",26.53%,211,1.00%
Queens,5,Asian,-,-,"4,750",75.87%,"1,511",24.13%,44,0.70%
Queens,5,Black,-,-,"2,549",74.64%,866,25.36%,54,1.58%
Queens,5,Hispanic,-,-,"5,786",71.31%,"2,328",28.69%,69,0.85%
Queens,5,Other,-,-,307,73.10%,113,26.90%,s,s
Queens,5,White,-,-,"2,056",73.04%,759,26.96%,s,s
Queens,5,Female,-,-,"7,502",73.61%,"2,689",26.39%,58,0.57%
Queens,5,Male,-,-,"7,946",73.34%,"2,888",26.66%,153,1.41%
Queens,5,IEP,-,-,"3,064",73.74%,"1,091",26.26%,210,5.05%
Queens,5,ELL,-,-,"1,848",69.32%,818,30.68%,46,1.73%
Queens,6,All Students,2.51,119.17,"17,535",85.39%,"2,999",14.61%,194,0.94%
Queens,6,Asian,-,-,"5,348",87.82%,742,12.18%,49,0.80%
Queens,6,Black,-,-,"2,475",73.36%,899,26.64%,54,1.60%
Queens,6,Hispanic,-,-,"7,008",89.01%,865,10.99%,54,0.69%
Queens,6,Other,-,-,449,85.52%,76,14.48%,s,s
Queens,6,White,-,-,"2,255",84.39%,417,15.61%,s,s
Queens,6,Female,-,-,"8,426",85.17%,"1,467",14.83%,53,0.54%
Queens,6,Male,-,-,"9,109",85.60%,"1,532",14.40%,141,1.33%
Queens,6,IEP,-,-,"3,279",84.38%,607,15.62%,194,4.99%
Queens,6,ELL,-,-,"2,179",89.86%,246,10.14%,50,2.06%
Queens,7,All Students,2.46,117.09,"18,814",92.74%,"1,473",7.26%,195,0.96%
Queens,7,Asian,-,-,"5,850",93.00%,440,7.00%,s,s
Queens,7,Black,-,-,"3,072",90.73%,314,9.27%,52,1.54%
Queens,7,Hispanic,-,-,"6,973",92.95%,529,7.05%,71,0.95%
Queens,7,Other,-,-,467,93.96%,30,6.04%,s,s
Queens,7,White,-,-,"2,452",93.87%,160,6.13%,37,1.42%
Queens,7,Female,-,-,"8,935",92.16%,760,7.84%,61,0.63%
Queens,7,Male,-,-,"9,879",93.27%,713,6.73%,134,1.27%
Queens,7,IEP,-,-,"3,416",92.45%,279,7.55%,195,5.28%
Queens,7,ELL,-,-,"2,116",93.67%,143,6.33%,56,2.48%
Queens,8,All Students,2.34,113.94,"17,963",88.09%,"2,429",11.91%,186,0.91%
Queens,8,Asian,-,-,"5,216",84.74%,939,15.26%,s,s
Queens,8,Black,-,-,"3,062",87.41%,441,12.59%,44,1.26%
Queens,8,Hispanic,-,-,"6,795",90.49%,714,9.51%,62,0.83%
Queens,8,Other,-,-,444,88.98%,55,11.02%,s,s
Queens,8,White,-,-,"2,446",89.73%,280,10.27%,43,1.58%
Queens,8,Female,-,-,"8,639",88.01%,"1,177",11.99%,59,0.60%
Queens,8,Male,-,-,"9,324",88.16%,"1,252",11.84%,127,1.20%
Queens,8,IEP,-,-,"3,051",89.87%,344,10.13%,185,5.45%
Queens,8,ELL,-,-,"1,952",91.26%,187,8.74%,44,2.06%
Queens,9,All Students,3.43,163.71,"17,753",85.45%,"3,022",14.55%,215,1.03%
Queens,9,Asian,-,-,"4,452",85.11%,779,14.89%,s,s
Queens,9,Black,-,-,"3,630",85.33%,624,14.67%,48,1.13%
Queens,9,Hispanic,-,-,"7,100",87.15%,"1,047",12.85%,76,0.93%
Queens,9,Other,-,-,589,81.69%,132,18.31%,s,s
Queens,9,White,-,-,"1,982",81.83%,440,18.17%,49,2.02%
Queens,9,Female,-,-,"8,295",85.92%,"1,359",14.08%,82,0.85%
Queens,9,Male,-,-,"9,458",85.05%,"1,663",14.95%,133,1.20%
Queens,9,IEP,-,-,"3,178",82.70%,665,17.30%,214,5.57%
Queens,9,ELL,-,-,"2,448",91.17%,237,8.83%,58,2.16%
Queens,0K,All Students,4.23,130.97,"14,689",71.91%,"5,739",28.09%,243,1.19%
Queens,0K,Asian,-,-,"4,561",75.23%,"1,502",24.77%,46,0.76%
Queens,0K,Black,-,-,"1,951",70.43%,819,29.57%,47,1.70%
Queens,0K,Hispanic,-,-,"5,465",69.06%,"2,448",30.94%,64,0.81%
Queens,0K,Other,-,-,510,71.93%,199,28.07%,18,2.54%
Queens,0K,White,-,-,"2,202",74.07%,771,25.93%,68,2.29%
Queens,0K,Female,-,-,"7,076",71.62%,"2,804",28.38%,47,0.48%
Queens,0K,Male,-,-,"7,613",72.17%,"2,935",27.83%,196,1.86%
Queens,0K,IEP,-,-,"2,309",70.48%,967,29.52%,243,7.42%
Queens,0K,ELL,-,-,"3,613",68.56%,"1,657",31.44%,44,0.83%
Queens,10,All Students,3.7,181.26,"16,405",84.87%,"2,925",15.13%,166,0.86%
Queens,10,Asian,-,-,"4,453",84.61%,810,15.39%,s,s
Queens,10,Black,-,-,"3,350",85.44%,571,14.56%,52,1.33%
Queens,10,Hispanic,-,-,"6,288",86.56%,976,13.44%,53,0.73%
Queens,10,Other,-,-,489,83.59%,96,16.41%,s,s
Queens,10,White,-,-,"1,825",79.45%,472,20.55%,32,1.39%
Queens,10,Female,-,-,"7,697",84.42%,"1,421",15.58%,53,0.58%
Queens,10,Male,-,-,"8,708",85.27%,"1,504",14.73%,113,1.11%
Queens,10,IEP,-,-,"2,423",80.63%,582,19.37%,164,5.46%
Queens,10,ELL,-,-,"2,368",91.43%,222,8.57%,44,1.70%
Queens,11,All Students,3.61,181.47,"15,054",84.35%,"2,794",15.65%,222,1.24%
Queens,11,Asian,-,-,"4,430",82.46%,942,17.54%,44,0.82%
Queens,11,Black,-,-,"3,033",85.22%,526,14.78%,55,1.55%
Queens,11,Hispanic,-,-,"5,285",86.43%,830,13.57%,80,1.31%
Queens,11,Other,-,-,439,84.26%,82,15.74%,9,1.73%
Queens,11,White,-,-,"1,867",81.85%,414,18.15%,34,1.49%
Queens,11,Female,-,-,"7,347",84.70%,"1,327",15.30%,78,0.90%
Queens,11,Male,-,-,"7,707",84.01%,"1,467",15.99%,144,1.57%
Queens,11,IEP,-,-,"1,814",76.86%,546,23.14%,221,9.36%
Queens,11,ELL,-,-,"1,680",87.27%,245,12.73%,71,3.69%
Queens,12,All Students,3.42,180.14,"13,282",79.54%,"3,417",20.46%,442,2.65%
Queens,12,Asian,-,-,"3,870",78.12%,"1,084",21.88%,94,1.90%
Queens,12,Black,-,-,"2,774",78.87%,743,21.13%,124,3.53%
Queens,12,Hispanic,-,-,"4,659",80.87%,"1,102",19.13%,123,2.14%
Queens,12,Other,-,-,301,82.92%,62,17.08%,11,3.03%
Queens,12,White,-,-,"1,678",79.75%,426,20.25%,90,4.28%
Queens,12,Female,-,-,"6,445",79.95%,"1,616",20.05%,134,1.66%
Queens,12,Male,-,-,"6,837",79.15%,"1,801",20.85%,308,3.57%
Queens,12,IEP,-,-,"1,808",75.65%,582,24.35%,442,18.49%
Queens,12,ELL,-,-,968,79.54%,249,20.46%,136,11.18%
Staten Island,1,All Students,3.55,121.47,"2,606",56.75%,"1,986",43.25%,93,2.03%
Staten Island,1,Asian,-,-,197,54.87%,162,45.13%,s,s
Staten Island,1,Black,-,-,301,50.33%,297,49.67%,13,2.17%
Staten Island,1,Hispanic,-,-,709,49.10%,735,50.90%,21,1.45%
Staten Island,1,Other,-,-,58,46.03%,68,53.97%,s,s
Staten Island,1,White,-,-,"1,341",64.94%,724,35.06%,52,2.52%
Staten Island,1,Female,-,-,"1,275",57.33%,949,42.67%,26,1.17%
Staten Island,1,Male,-,-,"1,331",56.21%,"1,037",43.79%,67,2.83%
Staten Island,1,IEP,-,-,700,54.64%,581,45.36%,93,7.26%
Staten Island,1,ELL,-,-,250,55.43%,201,44.57%,6,1.33%
Staten Island,2,All Students,3.49,124.38,"2,509",54.28%,"2,113",45.72%,79,1.71%
Staten Island,2,Asian,-,-,206,53.93%,176,46.07%,s,s
Staten Island,2,Black,-,-,275,46.61%,315,53.39%,13,2.20%
Staten Island,2,Hispanic,-,-,695,48.00%,753,52.00%,19,1.31%
Staten Island,2,Other,-,-,50,40.65%,73,59.35%,s,s
Staten Island,2,White,-,-,"1,283",61.71%,796,38.29%,43,2.07%
Staten Island,2,Female,-,-,"1,172",52.65%,"1,054",47.35%,20,0.90%
Staten Island,2,Male,-,-,"1,337",55.80%,"1,059",44.20%,59,2.46%
Staten Island,2,IEP,-,-,713,53.77%,613,46.23%,79,5.96%
Staten Island,2,ELL,-,-,223,48.06%,241,51.94%,s,s
Staten Island,3,All Students,3.46,127.88,"2,448",52.61%,"2,205",47.39%,79,1.70%
Staten Island,3,Asian,-,-,215,55.99%,169,44.01%,s,s
Staten Island,3,Black,-,-,275,47.33%,306,52.67%,9,1.55%
Staten Island,3,Hispanic,-,-,713,46.97%,805,53.03%,25,1.65%
Staten Island,3,Other,-,-,48,46.15%,56,53.85%,s,s
Staten Island,3,White,-,-,"1,197",57.94%,869,42.06%,36,1.74%
Staten Island,3,Female,-,-,"1,161",52.72%,"1,041",47.28%,21,0.95%
Staten Island,3,Male,-,-,"1,287",52.51%,"1,164",47.49%,58,2.37%
Staten Island,3,IEP,-,-,634,47.46%,702,52.54%,79,5.91%
Staten Island,3,ELL,-,-,194,49.36%,199,50.64%,s,s
Staten Island,4,All Students,3.16,128.71,"3,192",68.18%,"1,490",31.82%,73,1.56%
Staten Island,4,Asian,-,-,231,61.44%,145,38.56%,s,s
Staten Island,4,Black,-,-,460,75.66%,148,24.34%,10,1.64%
Staten Island,4,Hispanic,-,-,881,64.07%,494,35.93%,21,1.53%
Staten Island,4,Other,-,-,70,66.67%,35,33.33%,s,s
Staten Island,4,White,-,-,"1,550",69.88%,668,30.12%,39,1.76%
Staten Island,4,Female,-,-,"1,514",68.35%,701,31.65%,21,0.95%
Staten Island,4,Male,-,-,"1,678",68.02%,789,31.98%,52,2.11%
Staten Island,4,IEP,-,-,977,68.71%,445,31.29%,73,5.13%
Staten Island,4,ELL,-,-,213,68.27%,99,31.73%,10,3.21%
Staten Island,5,All Students,3.14,131.94,"3,162",68.29%,"1,468",31.71%,42,0.91%
Staten Island,5,Asian,-,-,227,61.68%,141,38.32%,s,s
Staten Island,5,Black,-,-,433,77.74%,124,22.26%,6,1.08%
Staten Island,5,Hispanic,-,-,877,64.91%,474,35.09%,11,0.81%
Staten Island,5,Other,-,-,49,76.56%,15,23.44%,s,s
Staten Island,5,White,-,-,"1,576",68.82%,714,31.18%,21,0.92%
Staten Island,5,Female,-,-,"1,545",69.13%,690,30.87%,7,0.31%
Staten Island,5,Male,-,-,"1,617",67.52%,778,32.48%,35,1.46%
Staten Island,5,IEP,-,-,920,71.04%,375,28.96%,42,3.24%
Staten Island,5,ELL,-,-,167,62.31%,101,37.69%,s,s
Staten Island,6,All Students,2.85,144.41,"3,650",87.01%,545,12.99%,51,1.22%
Staten Island,6,Asian,-,-,300,87.21%,44,12.79%,s,s
Staten Island,6,Black,-,-,392,78.09%,110,21.91%,6,1.20%
Staten Island,6,Hispanic,-,-,959,84.87%,171,15.13%,14,1.24%
Staten Island,6,Other,-,-,53,79.10%,14,20.90%,s,s
Staten Island,6,White,-,-,"1,946",90.43%,206,9.57%,26,1.21%
Staten Island,6,Female,-,-,"1,798",85.91%,295,14.09%,15,0.72%
Staten Island,6,Male,-,-,"1,852",88.11%,250,11.89%,36,1.71%
Staten Island,6,IEP,-,-,"1,023",88.49%,133,11.51%,51,4.41%
Staten Island,6,ELL,-,-,192,87.67%,27,12.33%,s,s
Staten Island,7,All Students,2.58,131.75,"2,930",69.88%,"1,263",30.12%,63,1.50%
Staten Island,7,Asian,-,-,290,81.23%,67,18.77%,s,s
Staten Island,7,Black,-,-,386,73.95%,136,26.05%,6,1.15%
Staten Island,7,Hispanic,-,-,759,72.56%,287,27.44%,22,2.10%
Staten Island,7,Other,-,-,43,74.14%,15,25.86%,s,s
Staten Island,7,White,-,-,"1,452",65.70%,758,34.30%,32,1.45%
Staten Island,7,Female,-,-,"1,375",68.65%,628,31.35%,24,1.20%
Staten Island,7,Male,-,-,"1,555",71.00%,635,29.00%,39,1.78%
Staten Island,7,IEP,-,-,845,74.32%,292,25.68%,63,5.54%
Staten Island,7,ELL,-,-,139,73.16%,51,26.84%,7,3.68%
Staten Island,8,All Students,2.72,139.09,"3,304",75.01%,"1,101",24.99%,62,1.41%
Staten Island,8,Asian,-,-,343,86.40%,54,13.60%,s,s
Staten Island,8,Black,-,-,427,77.22%,126,22.78%,s,s
Staten Island,8,Hispanic,-,-,826,77.20%,244,22.80%,18,1.68%
Staten Island,8,Other,-,-,26,57.78%,19,42.22%,s,s
Staten Island,8,White,-,-,"1,682",71.88%,658,28.12%,38,1.62%
Staten Island,8,Female,-,-,"1,552",72.80%,580,27.20%,17,0.80%
Staten Island,8,Male,-,-,"1,752",77.08%,521,22.92%,45,1.98%
Staten Island,8,IEP,-,-,886,78.20%,247,21.80%,62,5.47%
Staten Island,8,ELL,-,-,135,74.59%,46,25.41%,9,4.97%
Staten Island,9,All Students,4.2,189.2,"4,576",91.56%,422,8.44%,86,1.72%
Staten Island,9,Asian,-,-,526,97.95%,11,2.05%,6,1.12%
Staten Island,9,Black,-,-,691,89.51%,81,10.49%,9,1.17%
Staten Island,9,Hispanic,-,-,"1,222",87.04%,182,12.96%,s,s
Staten Island,9,Other,-,-,107,89.92%,12,10.08%,s,s
Staten Island,9,White,-,-,"2,030",93.72%,136,6.28%,38,1.75%
Staten Island,9,Female,-,-,"2,207",91.73%,199,8.27%,32,1.33%
Staten Island,9,Male,-,-,"2,369",91.40%,223,8.60%,54,2.08%
Staten Island,9,IEP,-,-,"1,096",90.50%,115,9.50%,86,7.10%
Staten Island,9,ELL,-,-,225,94.14%,14,5.86%,10,4.18%
Staten Island,0K,All Students,3.68,124.08,"2,544",57.63%,"1,870",42.37%,60,1.36%
Staten Island,0K,Asian,-,-,236,57.42%,175,42.58%,s,s
Staten Island,0K,Black,-,-,250,46.21%,291,53.79%,s,s
Staten Island,0K,Hispanic,-,-,663,50.42%,652,49.58%,14,1.06%
Staten Island,0K,Other,-,-,58,54.72%,48,45.28%,s,s
Staten Island,0K,White,-,-,"1,337",65.51%,704,34.49%,38,1.86%
Staten Island,0K,Female,-,-,"1,217",57.14%,913,42.86%,22,1.03%
Staten Island,0K,Male,-,-,"1,327",58.10%,957,41.90%,38,1.66%
Staten Island,0K,IEP,-,-,634,57.48%,469,42.52%,60,5.44%
Staten Island,0K,ELL,-,-,251,55.29%,203,44.71%,s,s
Staten Island,10,All Students,4.02,183.85,"4,089",91.37%,386,8.63%,84,1.88%
Staten Island,10,Asian,-,-,431,93.70%,29,6.30%,s,s
Staten Island,10,Black,-,-,622,93.96%,40,6.04%,14,2.11%
Staten Island,10,Hispanic,-,-,"1,102",90.92%,110,9.08%,26,2.15%
Staten Island,10,Other,-,-,103,93.64%,7,6.36%,s,s
Staten Island,10,White,-,-,"1,831",90.15%,200,9.85%,40,1.97%
Staten Island,10,Female,-,-,"2,007",90.65%,207,9.35%,29,1.31%
Staten Island,10,Male,-,-,"2,082",92.08%,179,7.92%,55,2.43%
Staten Island,10,IEP,-,-,919,92.92%,70,7.08%,84,8.49%
Staten Island,10,ELL,-,-,163,90.56%,17,9.44%,9,5.00%
Staten Island,11,All Students,4.3,199.29,"3,617",87.66%,509,12.34%,74,1.79%
Staten Island,11,Asian,-,-,s,s,s,s,7,1.44%
Staten Island,11,Black,-,-,453,89.53%,53,10.47%,s,s
Staten Island,11,Hispanic,-,-,840,89.65%,97,10.35%,20,2.13%
Staten Island,11,Other,-,-,s,s,s,s,s,s
Staten Island,11,White,-,-,"1,831",85.68%,306,14.32%,36,1.68%
Staten Island,11,Female,-,-,"1,739",87.61%,246,12.39%,25,1.26%
Staten Island,11,Male,-,-,"1,878",87.72%,263,12.28%,49,2.29%
Staten Island,11,IEP,-,-,699,88.71%,89,11.29%,74,9.39%
Staten Island,11,ELL,-,-,91,91.92%,8,8.08%,s,s
Staten Island,12,All Students,4.02,191.46,"3,404",84.47%,626,15.53%,243,6.03%
Staten Island,12,Asian,-,-,399,89.86%,45,10.14%,s,s
Staten Island,12,Black,-,-,447,85.96%,73,14.04%,39,7.50%
Staten Island,12,Hispanic,-,-,773,85.79%,128,14.21%,56,6.22%
Staten Island,12,Other,-,-,34,82.93%,7,17.07%,s,s
Staten Island,12,White,-,-,"1,751",82.44%,373,17.56%,134,6.31%
Staten Island,12,Female,-,-,"1,592",84.32%,296,15.68%,77,4.08%
Staten Island,12,Male,-,-,"1,812",84.59%,330,15.41%,166,7.75%
Staten Island,12,IEP,-,-,686,85.11%,120,14.89%,243,30.15%
Staten Island,12,ELL,-,-,52,81.25%,12,18.75%,28,43.75%